{
  "timestamp": "20250919_190316",
  "config": {
    "window_size": 63,
    "max_negative_ratio": 20,
    "min_negative_distance": 25,
    "negative_stride": 15,
    "learning_rate": 0.001,
    "weight_decay": 0.0001,
    "epochs": 50,
    "batch_size": 64
  },
  "data_splits": {
    "train_samples": 8132,
    "train_positive": 1326,
    "holdout_samples": 1743,
    "holdout_positive": 284,
    "test_samples": 1743,
    "test_positive": 284
  },
  "training_details": {
    "total_epochs": 50,
    "final_train_loss": 0.04179806634783745,
    "best_val_f1": 0.0,
    "train_losses": [
      0.052104848364251666,
      0.044415629978175275,
      0.044689709233352914,
      0.04414997834828682,
      0.044594486214919016,
      0.04408586748468224,
      0.0439538516511675,
      0.04401581584534142,
      0.043646794627420604,
      0.043913625660934485,
      0.04393168044043705,
      0.043765844573499635,
      0.044170630440930836,
      0.043726110248826444,
      0.043123094335896894,
      0.04368829732993618,
      0.04326350869087037,
      0.042963233063346706,
      0.04310292848094832,
      0.043008443477447145,
      0.04330791729444172,
      0.04287242684222292,
      0.04266604628355708,
      0.043022064739489,
      0.042667754605645314,
      0.042967014567693695,
      0.0432035601552343,
      0.042867529002251104,
      0.04247740579012316,
      0.043103138377773575,
      0.0426082367048366,
      0.04281064501265064,
      0.042550446349196136,
      0.04272945784032345,
      0.042442970123374835,
      0.04264974746911321,
      0.04232992660399759,
      0.042367058820673265,
      0.04262438719160855,
      0.042224138116580434,
      0.04207526391837746,
      0.042168133455561474,
      0.04272122745169327,
      0.04227377421921119,
      0.0423792139190482,
      0.041993099643150344,
      0.042074078766745515,
      0.0418457358609885,
      0.04213569207058754,
      0.04179806634783745
    ],
    "val_f1_scores": [
      0.0,
      0.0,
      0.0,
      0.0,
      0.0,
      0.0,
      0.0,
      0.0,
      0.0,
      0.0,
      0.0,
      0.0,
      0.0,
      0.0,
      0.0,
      0.0,
      0.0,
      0.0,
      0.0,
      0.0,
      0.0,
      0.0,
      0.0,
      0.0,
      0.0,
      0.0,
      0.0,
      0.0,
      0.0,
      0.0,
      0.0,
      0.0,
      0.0,
      0.0,
      0.0,
      0.0,
      0.0,
      0.0,
      0.0,
      0.0,
      0.0,
      0.0,
      0.0,
      0.0,
      0.0,
      0.0,
      0.0,
      0.0,
      0.0,
      0.0
    ],
    "val_precision": [
      0.0,
      0.0,
      0.0,
      0.0,
      0.0,
      0.0,
      0.0,
      0.0,
      0.0,
      0.0,
      0.0,
      0.0,
      0.0,
      0.0,
      0.0,
      0.0,
      0.0,
      0.0,
      0.0,
      0.0,
      0.0,
      0.0,
      0.0,
      0.0,
      0.0,
      0.0,
      0.0,
      0.0,
      0.0,
      0.0,
      0.0,
      0.0,
      0.0,
      0.0,
      0.0,
      0.0,
      0.0,
      0.0,
      0.0,
      0.0,
      0.0,
      0.0,
      0.0,
      0.0,
      0.0,
      0.0,
      0.0,
      0.0,
      0.0,
      0.0
    ],
    "val_recall": [
      0.0,
      0.0,
      0.0,
      0.0,
      0.0,
      0.0,
      0.0,
      0.0,
      0.0,
      0.0,
      0.0,
      0.0,
      0.0,
      0.0,
      0.0,
      0.0,
      0.0,
      0.0,
      0.0,
      0.0,
      0.0,
      0.0,
      0.0,
      0.0,
      0.0,
      0.0,
      0.0,
      0.0,
      0.0,
      0.0,
      0.0,
      0.0,
      0.0,
      0.0,
      0.0,
      0.0,
      0.0,
      0.0,
      0.0,
      0.0,
      0.0,
      0.0,
      0.0,
      0.0,
      0.0,
      0.0,
      0.0,
      0.0,
      0.0,
      0.0
    ],
    "learning_rates": [
      5.05000463475871e-05,
      8.154080633492554e-05,
      0.0001317642407181347,
      0.00019897306454405312,
      0.00028022687879126866,
      0.00037197081339513977,
      0.00047019105349962174,
      0.0005705904446323474,
      0.0006687764940426367,
      0.0007604535431075961,
      0.0008416107032264251,
      0.0009086973329712645,
      0.0009587783793353463,
      0.0009896627868688436,
      0.0009999998770631813,
      0.0009979556030262268,
      0.0009919020993696826,
      0.0009818881053455884,
      0.0009679942477456927,
      0.0009503323917419344,
      0.0009290447402138521,
      0.0009043026888146139,
      0.0008763054459939958,
      0.0008452784290890771,
      0.0008114714493963858,
      0.0007751567008382252,
      0.0007366265684172594,
      0.0006961912741043909,
      0.0006541763791138587,
      0.0006109201626757688,
      0.0005667708984106371,
      0.0005220840502349794,
      0.00047721941037486487,
      0.00043253820253046625,
      0.00038840017351522173,
      0.0003451606967860216,
      0.0003031679111850882,
      0.00026275991793072253,
      0.0002242620584250935,
      0.0001879842947965655,
      0.00015421871426689595,
      0.00012323717743666988,
      9.528912942359555e-05,
      7.059959147708825e-05,
      4.936734923947989e-05,
      3.176335224091155e-05,
      1.792933751423307e-05,
      7.976688411754694e-06,
      1.985537811986657e-06,
      4.122936818860063e-09
    ]
  },
  "final_f1": 0.28157763354967547,
  "final_precision": 0.16404886561954624,
  "final_recall": 0.9929577464788732,
  "final_specificity": 0.015078821110349555,
  "optimal_threshold": 0.20000000000000004,
  "confusion_matrix": [
    [
      22,
      1437
    ],
    [
      2,
      282
    ]
  ],
  "improvement_percent": -0.8529459332128554,
  "previous_best": 0.284,
  "visualization_data": {
    "best_threshold": 0.2,
    "final_precision": 0.16404886561954624,
    "final_recall": 0.9929577464788732,
    "final_f1": 0.28157763354967547,
    "final_specificity": 0.015078821110349555,
    "confusion_matrix": [
      [
        22,
        1437
      ],
      [
        2,
        282
      ]
    ],
    "target_pos": 284,
    "target_neg": 1459,
    "pred_pos": 1719,
    "pred_neg": 24,
    "total_samples": 1743
  }
}