{
  "timestamp": "20250919_184347",
  "config": {
    "window_size": 63,
    "max_negative_ratio": 12,
    "min_negative_distance": 30,
    "negative_stride": 8,
    "learning_rate": 0.001,
    "weight_decay": 0.0001,
    "epochs": 25,
    "batch_size": 64
  },
  "final_f1": 0.18135213072733097,
  "final_precision": 0.09975326048642932,
  "final_recall": 0.9964788732394366,
  "final_specificity": 0.001563721657544957,
  "optimal_threshold": 0.8500000000000002,
  "confusion_matrix": {
    "tn": 4,
    "fp": 2554,
    "fn": 1,
    "tp": 283
  },
  "improvement_percent": -36.14361594108064,
  "previous_best": 0.284,
  "train_samples": 13260,
  "test_samples": 2842
}