{
  "timestamp": "20250922_184952",
  "config": {
    "segment_length": 250,
    "stride": 125,
    "gaussian_sigma": 5,
    "learning_rate": 0.001,
    "weight_decay": 0.0001,
    "epochs": 20,
    "batch_size": 16
  },
  "best_val_loss": 0.028838435560464858,
  "avg_precision": 0.6692439862542955,
  "avg_recall": 0.6383161512027491,
  "avg_f1": 0.6360824742268042,
  "num_validation_segments_with_peaks": 388,
  "total_validation_segments": 388,
  "segments_with_rpeaks": 388,
  "mean_validation_overlap": 1.9948586118251928,
  "approach": "U-Net sequence-to-sequence",
  "optimized_peak_height": 0.32547918558120725,
  "optimized_peak_distance": 30,
  "optimized_peak_prominence": 0.0,
  "full_signal_precision": 0.6970509383378016,
  "full_signal_recall": 0.6842105263157895,
  "full_signal_f1": 0.6905710491367862
}